Year,Type of Graph,Ticker,Industry,Degree,Weighted Degree,Eccentricity,Closness Centrality,Harmonic Closness Centrality,Betweeness Centrality,Eigen Centrality
2022,Top 200 Industries,TSLA,Unclassified,199,8705176,1,1.0,1.0,2.38157,1.0
2022,Top 200 Industries,AAPL,Comps,199,7973116,1,1.0,1.0,2.38157,1.0
2022,Top 200 Industries,AMZN,BusSv,199,6002188,1,1.0,1.0,2.38157,1.0
2022,Top 200 Industries,META,BusSv,199,4915119,1,1.0,1.0,2.38157,1.0
2022,Top 200 Industries,MSFT,BusSv,199,4374581,1,1.0,1.0,2.38157,1.0
2022,Top 200 Industries,AMC,Fun,199,3836062,1,1.0,1.0,2.38157,1.0
2022,Top 200 Industries,GOOGL,BusSv,199,3798599,1,1.0,1.0,2.38157,1.0
2022,Top 200 Industries,NVDA,Chips,199,3759559,1,1.0,1.0,2.38157,1.0
2022,Top 200 Industries,AMD,Chips,199,3694634,1,1.0,1.0,2.38157,1.0
2022,Top 200 Industries,NFLX,Fun,199,3351263,1,1.0,1.0,2.38157,1.0
2022,Top 200 Industries,GME,Rtail,199,2988567,1,1.0,1.0,2.38157,1.0
2022,Top 200 Industries,BA,Aero,199,2472891,1,1.0,1.0,2.38157,1.0
2022,Top 200 Industries,TWTR,BusSv,199,2070219,1,1.0,1.0,2.38157,1.0
2022,Top 200 Industries,AAL,Trans,199,1851985,1,1.0,1.0,2.38157,1.0
2022,Top 200 Industries,ROKU,Unclassified,199,1776084,1,1.0,1.0,2.38157,1.0
2022,Top 200 Industries,F,Autos,199,1758667,1,1.0,1.0,2.38157,1.0
2022,Top 200 Industries,PYPL,Unclassified,199,1531873,1,1.0,1.0,2.38157,1.0
2022,Top 200 Industries,SNAP,BusSv,199,1490797,1,1.0,1.0,2.38157,1.0
2022,Top 200 Industries,DIS,Telcm,199,1465531,1,1.0,1.0,2.38157,1.0
2022,Top 200 Industries,DAL,Trans,199,1449778,1,1.0,1.0,2.38157,1.0
2022,Top 200 Industries,SQ,BusSv,199,1379321,1,1.0,1.0,2.38157,1.0
2022,Top 200 Industries,BAC,Banks,198,1357388,2,0.995,0.997487,2.271149,0.995373
2022,Top 200 Industries,JPM,Banks,199,1330411,1,1.0,1.0,2.38157,1.0
2022,Top 200 Industries,DKNG,Unclassified,199,1296165,1,1.0,1.0,2.38157,1.0
2022,Top 200 Industries,MRNA,Unclassified,199,1215084,1,1.0,1.0,2.38157,1.0
2022,Top 200 Industries,INTC,Chips,196,1203515,2,0.985149,0.992462,1.766131,0.987163
2022,Top 200 Industries,PENN,Fun,199,1143050,1,1.0,1.0,2.38157,1.0
2022,Top 200 Industries,NKLA,Unclassified,199,1138555,1,1.0,1.0,2.38157,1.0
2022,Top 200 Industries,WMT,Rtail,199,1124075,1,1.0,1.0,2.38157,1.0
2022,Top 200 Industries,LCID,Fin,199,1052144,1,1.0,1.0,2.38157,1.0
2022,Top 200 Industries,HD,Rtail,199,1051978,1,1.0,1.0,2.38157,1.0
2022,Top 200 Industries,XOM,Oil,199,1028056,1,1.0,1.0,2.38157,1.0
2022,Top 200 Industries,INO,LabEq,198,943348,2,0.995,0.997487,2.286848,0.995287
2022,Top 200 Industries,V,BusSv,199,930868,1,1.0,1.0,2.38157,1.0
2022,Top 200 Industries,BBIG,Unclassified,199,915222,1,1.0,1.0,2.38157,1.0
2022,Top 200 Industries,CRM,BusSv,199,907382,1,1.0,1.0,2.38157,1.0
2022,Top 200 Industries,UAL,Trans,198,899643,2,0.995,0.997487,2.174729,0.995715
2022,Top 200 Industries,PLTR,BusSv,199,888137,1,1.0,1.0,2.38157,1.0
2022,Top 200 Industries,PTON,Unclassified,196,856543,2,0.985149,0.992462,1.704252,0.987352
2022,Top 200 Industries,GS,Fin,197,842123,2,0.99005,0.994975,2.146413,0.990804
2022,Top 200 Industries,OXY,Oil,199,838705,1,1.0,1.0,2.38157,1.0
2022,Top 200 Industries,GM,Autos,194,830410,2,0.97549,0.987437,1.502383,0.978003
2022,Top 200 Industries,DWAC,Unclassified,199,808431,1,1.0,1.0,2.38157,1.0
2022,Top 200 Industries,ADBE,BusSv,199,808175,1,1.0,1.0,2.38157,1.0
2022,Top 200 Industries,BYND,Unclassified,199,785106,1,1.0,1.0,2.38157,1.0
2022,Top 200 Industries,C,Banks,199,768910,1,1.0,1.0,2.38157,1.0
2022,Top 200 Industries,JNJ,MedEq,199,746482,1,1.0,1.0,2.38157,1.0
2022,Top 200 Industries,PFE,Drugs,199,743118,1,1.0,1.0,2.38157,1.0
2022,Top 200 Industries,MULN,Unclassified,199,741208,1,1.0,1.0,2.38157,1.0
2022,Top 200 Industries,KO,Soda,195,741170,2,0.980296,0.98995,1.451863,0.983226
2022,Top 200 Industries,GNUS,Unclassified,198,736373,2,0.995,0.997487,2.315971,0.995159
2022,Top 200 Industries,WFC,Banks,199,722440,1,1.0,1.0,2.38157,1.0
2022,Top 200 Industries,MU,Chips,199,708925,1,1.0,1.0,2.38157,1.0
2022,Top 200 Industries,ZM,Unclassified,199,673186,1,1.0,1.0,2.38157,1.0
2022,Top 200 Industries,PLUG,ElcEq,199,660713,1,1.0,1.0,2.38157,1.0
2022,Top 200 Industries,SOFI,Fin,197,660155,2,0.99005,0.994975,1.834448,0.99187
2022,Top 200 Industries,NKE,Clths,197,660031,2,0.99005,0.994975,2.011378,0.99129
2022,Top 200 Industries,LUV,Trans,190,646023,2,0.956731,0.977387,1.305423,0.95842
2022,Top 200 Industries,GE,Mach,199,644257,1,1.0,1.0,2.38157,1.0
2022,Top 200 Industries,T,Telcm,199,637993,1,1.0,1.0,2.38157,1.0
2022,Top 200 Industries,TLRY,Unclassified,199,634142,1,1.0,1.0,2.38157,1.0
2022,Top 200 Industries,SPCE,Fin,199,624220,1,1.0,1.0,2.38157,1.0
2022,Top 200 Industries,MGM,Meals,190,623402,2,0.956731,0.977387,1.125342,0.959199
2022,Top 200 Industries,COST,Rtail,199,621855,1,1.0,1.0,2.38157,1.0
2022,Top 200 Industries,UBER,Trans,199,611857,1,1.0,1.0,2.38157,1.0
2022,Top 200 Industries,BBBY,Rtail,199,611090,1,1.0,1.0,2.38157,1.0
2022,Top 200 Industries,COIN,Unclassified,199,599812,1,1.0,1.0,2.38157,1.0
2022,Top 200 Industries,IBM,Comps,199,581019,1,1.0,1.0,2.38157,1.0
2022,Top 200 Industries,BOXL,Unclassified,189,580249,2,0.952153,0.974874,1.856621,0.951075
2022,Top 200 Industries,MCD,Meals,196,576473,2,0.985149,0.992462,1.716222,0.987365
2022,Top 200 Industries,NVAX,Drugs,199,563465,1,1.0,1.0,2.38157,1.0
2022,Top 200 Industries,CVX,Rtail,199,558928,1,1.0,1.0,2.38157,1.0
2022,Top 200 Industries,CZR,Unclassified,194,551976,2,0.97549,0.987437,1.700942,0.977262
2022,Top 200 Industries,WKHS,Unclassified,199,550061,1,1.0,1.0,2.38157,1.0
2022,Top 200 Industries,CEI,Oil,198,540456,2,0.995,0.997487,2.086837,0.995997
2022,Top 200 Industries,JBLU,Trans,199,538371,1,1.0,1.0,2.38157,1.0
2022,Top 200 Industries,PINS,BusSv,199,503012,1,1.0,1.0,2.38157,1.0
2022,Top 200 Industries,RIVN,Unclassified,199,497646,1,1.0,1.0,2.38157,1.0
2022,Top 200 Industries,AYRO,Telcm,191,495105,2,0.961353,0.979899,1.944828,0.960969
2022,Top 200 Industries,CSCO,Chips,195,489263,2,0.980296,0.98995,1.65866,0.982447
2022,Top 200 Industries,VZ,Telcm,198,469116,2,0.995,0.997487,2.086837,0.995997
2022,Top 200 Industries,DOW,Chems,199,465237,1,1.0,1.0,2.38157,1.0
2022,Top 200 Industries,PG,Hshld,190,462363,2,0.956731,0.977387,1.15816,0.959128
2022,Top 200 Industries,MA,BusSv,199,454929,1,1.0,1.0,2.38157,1.0
2022,Top 200 Industries,MRK,Drugs,195,452775,2,0.980296,0.98995,1.976887,0.981302
2022,Top 200 Industries,ES,Util,197,452555,2,0.99005,0.994975,1.923486,0.991572
2022,Top 200 Industries,HOOD,Unclassified,198,442561,2,0.995,0.997487,2.174729,0.995715
2022,Top 200 Industries,RIOT,Drugs,198,442480,2,0.995,0.997487,2.161166,0.995777
2022,Top 200 Industries,WISH,Unclassified,197,437677,2,0.99005,0.994975,1.966999,0.991452
2022,Top 200 Industries,FUBO,Fun,197,435019,2,0.99005,0.994975,1.866433,0.991774
2022,Top 200 Industries,KODK,Hshld,193,427101,2,0.970732,0.984925,2.05301,0.970743
2022,Top 200 Industries,HTZ,Persv,199,425760,1,1.0,1.0,2.38157,1.0
2022,Top 200 Industries,M,Rtail,199,420222,1,1.0,1.0,2.38157,1.0
2022,Top 200 Industries,UPST,Unclassified,199,419629,1,1.0,1.0,2.38157,1.0
2022,Top 200 Industries,TGT,Rtail,197,407217,2,0.99005,0.994975,2.094225,0.990977
2022,Top 200 Industries,MARK,Telcm,192,406804,2,0.966019,0.982412,1.978936,0.965956
2022,Top 200 Industries,FCEL,ElcEq,196,405992,2,0.985149,0.992462,1.614044,0.987647
2022,Top 200 Industries,NOVN,Unclassified,186,404762,2,0.938679,0.967337,1.704599,0.936405
2022,Top 200 Industries,QCOM,Chips,199,400567,1,1.0,1.0,2.38157,1.0
2022,Top 200 Industries,PEP,Soda,185,396869,2,0.934272,0.964824,0.678221,0.935687
2022,Top 200 Industries,SBUX,Meals,197,385237,2,0.99005,0.994975,1.966999,0.991452
2022,Top 200 Industries,SNOW,BusSv,199,384294,1,1.0,1.0,2.38157,1.0
2022,Top 200 Industries,UNH,Insur,199,384007,1,1.0,1.0,2.38157,1.0
2022,Top 200 Industries,JAGX,Unclassified,188,377626,2,0.947619,0.972362,1.617145,0.947076
2022,Top 200 Industries,BNGO,Unclassified,197,377620,2,0.99005,0.994975,2.244214,0.990345
2022,Top 200 Industries,ABBV,Drugs,197,374620,2,0.99005,0.994975,2.116991,0.990876
2022,Top 200 Industries,W,Rtail,199,373100,1,1.0,1.0,2.38157,1.0
2022,Top 200 Industries,WYNN,Fun,194,369233,2,0.97549,0.987437,1.385362,0.978487
2022,Top 200 Industries,MS,Fin,198,366048,2,0.995,0.997487,2.308594,0.995225
2022,Top 200 Industries,SRNE,Unclassified,197,359848,2,0.99005,0.994975,2.080007,0.991002
2022,Top 200 Industries,CVS,Rtail,198,358666,2,0.995,0.997487,2.343053,0.995075
2022,Top 200 Industries,ABNB,Unclassified,199,354774,1,1.0,1.0,2.38157,1.0
2022,Top 200 Industries,EBAY,BusSv,195,354595,2,0.980296,0.98995,1.70714,0.982269
2022,Top 200 Industries,SOLO,Unclassified,191,353591,2,0.961353,0.979899,1.812797,0.96151
2022,Top 200 Industries,TDOC,Hlth,198,345288,2,0.995,0.997487,2.219389,0.995578
2022,Top 200 Industries,TWLO,Telcm,196,342271,2,0.985149,0.992462,1.614044,0.987647
2022,Top 200 Industries,CAT,Mach,198,338213,2,0.995,0.997487,2.331752,0.995124
2022,Top 200 Industries,CMG,Meals,199,337584,1,1.0,1.0,2.38157,1.0
2022,Top 200 Industries,STEM,Fin,190,326892,2,0.956731,0.977387,0.913825,0.960154
2022,Top 200 Industries,UPS,Trans,199,320438,1,1.0,1.0,2.38157,1.0
2022,Top 200 Industries,AFRM,Unclassified,199,318815,1,1.0,1.0,2.38157,1.0
2022,Top 200 Industries,ATVI,BusSv,198,314063,2,0.995,0.997487,2.218219,0.995575
2022,Top 200 Industries,CEMI,Fin,180,311461,2,0.912844,0.952261,1.385432,0.907085
2022,Top 200 Industries,MMM,BldMt,188,308197,2,0.947619,0.972362,1.660756,0.947057
2022,Top 200 Industries,DGLY,Chips,184,306713,2,0.929907,0.962312,1.556326,0.927028
2022,Top 200 Industries,CVNA,Rtail,199,305382,1,1.0,1.0,2.38157,1.0
2022,Top 200 Industries,RBLX,BusSv,199,302336,1,1.0,1.0,2.38157,1.0
2022,Top 200 Industries,BYFC,Banks,164,296776,2,0.850427,0.91206,1.032625,0.827132
2022,Top 200 Industries,NET,BusSv,197,294626,2,0.99005,0.994975,1.866433,0.991774
2022,Top 200 Industries,EA,BusSv,190,291502,2,0.956731,0.977387,1.508339,0.957787
2022,Top 200 Industries,DYNT,Chips,155,288693,2,0.81893,0.889447,0.515417,0.783535
2022,Top 200 Industries,BRK,Insur,192,283706,2,0.966019,0.982412,1.507434,0.967846
2022,Top 200 Industries,CHWY,Rtail,192,282913,2,0.966019,0.982412,1.583035,0.96757
2022,Top 200 Industries,CRWD,Unclassified,196,274274,2,0.985149,0.992462,1.876201,0.986765
2022,Top 200 Industries,BIOL,MedEq,172,273087,2,0.880531,0.932161,1.162136,0.867181
2022,Top 200 Industries,IBIO,Drugs,192,271297,2,0.966019,0.982412,1.927344,0.966115
2022,Top 200 Industries,JAKK,Toys,183,270513,2,0.925581,0.959799,1.421374,0.922506
2022,Top 200 Industries,AXP,Banks,192,267411,2,0.966019,0.982412,1.543224,0.967766
2022,Top 200 Industries,OSTK,Rtail,194,263720,2,0.97549,0.987437,1.746045,0.977161
2022,Top 200 Industries,FSR,Books,198,260915,2,0.995,0.997487,2.174729,0.995715
2022,Top 200 Industries,GILD,Drugs,199,258266,1,1.0,1.0,2.38157,1.0
2022,Top 200 Industries,DDOG,Unclassified,197,257682,2,0.99005,0.994975,1.908777,0.99165
2022,Top 200 Industries,CMCSA,Telcm,187,256679,2,0.943128,0.969849,0.955839,0.944716
2022,Top 200 Industries,ZNGA,Unclassified,195,256476,2,0.980296,0.98995,1.882976,0.981646
2022,Top 200 Industries,ORCL,BusSv,195,253864,2,0.980296,0.98995,1.450693,0.983222
2022,Top 200 Industries,GMBL,Unclassified,186,251424,2,0.938679,0.967337,1.387689,0.937936
2022,Top 200 Industries,ETSY,Unclassified,199,250041,1,1.0,1.0,2.38157,1.0
2022,Top 200 Industries,VXRT,Whlsl,194,248451,2,0.97549,0.987437,2.055746,0.97581
2022,Top 200 Industries,CLOV,Fin,197,247772,2,0.99005,0.994975,2.116991,0.990876
2022,Top 200 Industries,TRIP,Unclassified,189,246069,2,0.952153,0.974874,1.090712,0.954224
2022,Top 200 Industries,ESE,Chips,166,244402,2,0.857759,0.917085,0.710024,0.83944
2022,Top 200 Industries,LMND,Insur,198,243324,2,0.995,0.997487,2.307124,0.995218
2022,Top 200 Industries,U,BusSv,198,242108,2,0.995,0.997487,2.161166,0.995777
2022,Top 200 Industries,DOCU,Unclassified,199,233502,1,1.0,1.0,2.38157,1.0
2022,Top 200 Industries,ATER,Unclassified,196,233362,2,0.985149,0.992462,1.862655,0.986747
2022,Top 200 Industries,APT,MedEq,194,230152,2,0.97549,0.987437,2.166404,0.975386
2022,Top 200 Industries,NBY,Drugs,160,230026,2,0.836134,0.90201,0.762043,0.808097
2022,Top 200 Industries,HYMC,Unclassified,193,224909,2,0.970732,0.984925,1.683672,0.972246
2022,Top 200 Industries,KSS,Rtail,192,220694,2,0.966019,0.982412,1.351608,0.968483
2022,Top 200 Industries,LYFT,Unclassified,199,220362,1,1.0,1.0,2.38157,1.0
2022,Top 200 Industries,COP,Oil,189,217951,2,0.952153,0.974874,1.040266,0.954489
2022,Top 200 Industries,AMGN,Drugs,191,217861,2,0.961353,0.979899,1.428237,0.963112
2022,Top 200 Industries,CLF,Mines,194,214383,2,0.97549,0.987437,2.001336,0.976186
2022,Top 200 Industries,XSPA,Telcm,187,213729,2,0.943128,0.969849,1.682026,0.941647
2022,Top 200 Industries,PHUN,Unclassified,199,213598,1,1.0,1.0,2.38157,1.0
2022,Top 200 Industries,X,Steel,197,209612,2,0.99005,0.994975,1.998985,0.991355
2022,Top 200 Industries,DVN,Oil,191,209596,2,0.961353,0.979899,1.456193,0.962926
2022,Top 200 Industries,OCGN,Unclassified,198,205663,2,0.995,0.997487,2.174729,0.995715
2022,Top 200 Industries,MRO,Oil,191,201843,2,0.961353,0.979899,1.314475,0.963498
2022,Top 200 Industries,AVGO,Unclassified,189,201264,2,0.952153,0.974874,1.28067,0.953516
2022,Top 200 Industries,HAL,Oil,188,199386,2,0.947619,0.972362,0.975246,0.949761
2022,Top 200 Industries,ENPH,Unclassified,198,198671,2,0.995,0.997487,2.219389,0.995578
2022,Top 200 Industries,FDX,Trans,198,197693,2,0.995,0.997487,2.314629,0.9952
2022,Top 200 Industries,WBA,Rtail,195,196930,2,0.980296,0.98995,1.727921,0.982262
2022,Top 200 Industries,UAVS,Aero,190,194712,2,0.956731,0.977387,1.829096,0.956351
2022,Top 200 Industries,FCX,Mines,197,193761,2,0.99005,0.994975,2.01876,0.991247
2022,Top 200 Industries,LULU,Rtail,199,191069,1,1.0,1.0,2.38157,1.0
2022,Top 200 Industries,LMT,Guns,199,190771,1,1.0,1.0,2.38157,1.0
2022,Top 200 Industries,BIOC,Unclassified,172,190208,2,0.880531,0.932161,1.343384,0.866434
2022,Top 200 Industries,LLY,Drugs,194,189635,2,0.97549,0.987437,1.695675,0.977293
2022,Top 200 Industries,GEVO,Unclassified,194,184306,2,0.97549,0.987437,2.030405,0.975934
2022,Top 200 Industries,MSTR,BusSv,191,182089,2,0.961353,0.979899,1.372938,0.963402
2022,Top 200 Industries,NOW,BusSv,196,182082,2,0.985149,0.992462,2.118141,0.985823
2022,Top 200 Industries,TTD,Unclassified,197,180673,2,0.99005,0.994975,1.966999,0.991452
2022,Top 200 Industries,TXN,Chips,188,172745,2,0.947619,0.972362,0.933464,0.949883
2022,Top 200 Industries,ON,Chips,192,172528,2,0.966019,0.982412,1.377249,0.968344
2022,Top 200 Industries,LOW,Rtail,198,168141,2,0.995,0.997487,2.296303,0.995273
2022,Top 200 Industries,AA,Steel,198,161297,2,0.995,0.997487,2.314629,0.9952
2022,Top 200 Industries,DLTR,Rtail,196,158433,2,0.985149,0.992462,2.056481,0.986034
2022,Top 200 Industries,XELA,Unclassified,199,158402,1,1.0,1.0,2.38157,1.0
2022,Top 200 Industries,INPX,Unclassified,187,157261,2,0.943128,0.969849,1.759763,0.941366
2022,Top 200 Industries,BMY,Drugs,198,154397,2,0.995,0.997487,2.296303,0.995273
2022,Top 200 Industries,MO,Smoke,189,154185,2,0.952153,0.974874,1.25164,0.953778
2022,Top 200 Industries,SCHW,Fin,183,147414,2,0.925581,0.959799,0.485445,0.926336
2022,Top 200 Industries,BK,Banks,183,138209,2,0.925581,0.959799,0.970289,0.924314
2022,Top 200 Industries,A,LabEq,199,113647,1,1.0,1.0,2.38157,1.0
2022,Top 200 Industries,TNXP,Mines,190,111355,2,0.956731,0.977387,1.813605,0.956454
2022,Top 200 Industries,SNX,Whlsl,191,108578,2,0.961353,0.979899,1.860972,0.961343
2022,Top 200 Industries,MELI,BusSv,195,97018,2,0.980296,0.98995,1.751961,0.982047
2022,Top 200 Industries,OGN,Drugs,194,87493,2,0.97549,0.987437,1.910247,0.976457
